{"stats":{"minecraft:crafted":{"simple_backpack:void_pack":1,"minecraft:coal":18,"minecraft:cobblestone_slab":12,"minecraft:cooked_chicken":8,"minecraft:furnace":4,"minecraft:stone":8,"minecraft:diamond_shovel":1,"minecraft:cooked_mutton":19,"minecraft:hopper":1,"minecraft:bow":2,"minecraft:iron_hoe":1,"minecraft:chest":2,"minecraft:cooked_beef":5,"simple_backpack:backpack":1,"minecraft:cooked_porkchop":11,"minecraft:diamond_axe":1,"minecraft:crafting_table":3,"minecraft:air":0,"minecraft:blue_dye":1,"minecraft:acacia_sign":3,"minecraft:stick":36,"minecraft:iron_ingot":192,"minecraft:torch":92,"minecraft:shears":2},"minecraft:picked_up":{"minecraft:coarse_dirt":1,"minecraft:iron_chestplate":1,"minecraft:crafting_table":1,"minecraft:wheat":2,"minecraft:ominous_bottle":1,"minecraft:clay_ball":20,"minecraft:lead":1,"minecraft:stone_slab":9,"minecraft:potion":1,"minecraft:wither_rose":1,"minecraft:brick":7,"minecraft:wind_charge":20,"minecraft:polished_deepslate":4,"minecraft:string":3,"minecraft:raw_copper":4,"minecraft:blackstone":42,"minecraft:cyan_carpet":3,"minecraft:gold_nugget":9,"minecraft:cobbled_deepslate":138,"minecraft:deepslate_diamond_ore":1,"minecraft:acacia_sign":2,"minecraft:guster_pottery_sherd":1,"minecraft:cyan_wool":7,"minecraft:poppy":2,"minecraft:coal_block":2,"minecraft:chest":11,"minecraft:diamond_hoe":1,"minecraft:furnace":4,"minecraft:egg":1,"minecraft:stick":2,"minecraft:raw_iron":22,"minecraft:torch":5,"minecraft:waxed_weathered_copper_bulb":1,"minecraft:waxed_copper_grate":1,"minecraft:redstone":5,"minecraft:arrow":28,"minecraft:rotten_flesh":49,"minecraft:deepslate_bricks":1,"minecraft:hay_block":24,"minecraft:flow_armor_trim_smithing_template":1,"minecraft:saddle":1,"minecraft:gold_ingot":7,"minecraft:white_terracotta":3,"minecraft:tuff_bricks":10,"minecraft:cobblestone":681,"minecraft:white_wool":7,"minecraft:enchanting_table":1,"minecraft:magma_block":2,"minecraft:cooked_beef":1,"minecraft:potato":1,"minecraft:waxed_copper_bulb":1,"minecraft:flint":11,"minecraft:tuff":13,"minecraft:waxed_copper_block":8,"minecraft:gunpowder":5,"minecraft:lapis_lazuli":163,"minecraft:dirt":151,"minecraft:name_tag":1,"minecraft:bone":41,"minecraft:gray_carpet":1,"minecraft:bow":3,"minecraft:wheat_seeds":36,"minecraft:bell":2,"minecraft:iron_ingot":7,"minecraft:cobweb":4,"minecraft:diamond_helmet":1,"minecraft:glass_bottle":2,"minecraft:bamboo":21,"minecraft:moss_block":12,"morediscs:music_disc_left_shift":1,"minecraft:sculk_catalyst":1,"minecraft:smooth_basalt":1,"minecraft:black_terracotta":2,"minecraft:emerald_block":1,"minecraft:amethyst_shard":3,"minecraft:blast_furnace":1,"minecraft:white_bed":1,"minecraft:mossy_cobblestone":39,"minecraft:light_gray_terracotta":1,"minecraft:pumpkin_seeds":6,"minecraft:sculk_sensor":4,"minecraft:slime_ball":37,"minecraft:diamond":38,"minecraft:waxed_oxidized_copper_grate":2,"minecraft:breeze_rod":5,"minecraft:granite":30,"minecraft:gray_wool":295,"minecraft:golden_horse_armor":1,"minecraft:bread":1,"minecraft:baked_potato":2,"minecraft:ominous_trial_key":1,"minecraft:coal":262,"minecraft:chiseled_tuff_bricks":1,"minecraft:diamond_pickaxe":1},"minecraft:used":{"minecraft:enchanting_table":2,"minecraft:diamond_hoe":23,"minecraft:poppy":1,"minecraft:chest":6,"minecraft:shield":6,"minecraft:torch":99,"minecraft:dirt":136,"minecraft:hopper":1,"minecraft:tuff":5,"minecraft:granite":30,"minecraft:cyan_wool":7,"minecraft:iron_hoe":50,"minecraft:iron_axe":6,"minecraft:smooth_basalt":1,"minecraft:bamboo":21,"minecraft:deepslate_diamond_ore":1,"minecraft:ominous_bottle":1,"minecraft:furnace":5,"minecraft:oak_sapling":1,"minecraft:cooked_beef":38,"minecraft:cobbled_deepslate":126,"minecraft:cooked_mutton":6,"minecraft:water_bucket":35,"minecraft:baked_potato":2,"minecraft:diamond_axe":8,"minecraft:cobblestone_slab":5,"minecraft:white_wool":4,"minecraft:crafting_table":4,"minecraft:blast_furnace":1,"minecraft:white_bed":1,"minecraft:shears":299,"minecraft:smoker":1,"minecraft:diamond_pickaxe":1345,"minecraft:ominous_trial_key":1,"minecraft:diamond_shovel":142,"minecraft:acacia_sign":5,"minecraft:stone_slab":6,"minecraft:diamond_sword":236,"minecraft:cobblestone":192,"minecraft:bucket":36,"minecraft:coarse_dirt":1,"minecraft:gray_wool":285},"minecraft:mined":{"minecraft:tuff":9,"minecraft:white_bed":1,"minecraft:mossy_cobblestone":39,"minecraft:deepslate_diamond_ore":29,"minecraft:black_terracotta":2,"minecraft:sculk_vein":18,"minecraft:granite":30,"minecraft:grass_block":109,"minecraft:decorated_pot":2,"minecraft:coal_block":2,"minecraft:deepslate_bricks":1,"minecraft:spruce_leaves":2,"minecraft:chiseled_tuff_bricks":1,"minecraft:tuff_bricks":10,"minecraft:moss_block":2,"minecraft:rooted_dirt":1,"minecraft:red_stained_glass_pane":1,"minecraft:large_fern":3,"minecraft:hay_block":24,"minecraft:magma_block":2,"minecraft:sculk_catalyst":1,"minecraft:furnace":4,"minecraft:waxed_copper_grate":1,"minecraft:iron_ore":23,"minecraft:fire":5,"minecraft:cobbled_deepslate":3,"minecraft:andesite":2,"minecraft:deepslate_lapis_ore":21,"minecraft:enchanting_table":1,"minecraft:bell":2,"minecraft:polished_deepslate":4,"minecraft:cave_vines":1,"minecraft:bamboo":6,"minecraft:waxed_weathered_copper_bulb":1,"minecraft:stone":578,"minecraft:white_wool":3,"minecraft:glass_pane":1,"minecraft:blackstone":41,"minecraft:soul_sand":1,"minecraft:clay":5,"minecraft:crafting_table":1,"minecraft:torch":1,"minecraft:light_gray_terracotta":1,"minecraft:short_grass":103,"minecraft:blast_furnace":1,"minecraft:chest":11,"minecraft:sculk_sensor":12,"minecraft:stone_slab":9,"minecraft:copper_ore":1,"minecraft:tall_grass":276,"minecraft:cobblestone":96,"minecraft:lapis_ore":3,"minecraft:sculk":39,"minecraft:wall_torch":6,"minecraft:waxed_copper_bulb":1,"minecraft:white_terracotta":3,"minecraft:cyan_wool":7,"minecraft:gray_wool":295,"minecraft:coarse_dirt":1,"minecraft:waxed_oxidized_copper_grate":2,"minecraft:waxed_copper_block":8,"minecraft:wither_rose":1,"minecraft:coal_ore":257,"minecraft:dirt":30,"minecraft:gray_carpet":1,"minecraft:cobweb":4,"minecraft:acacia_wall_sign":2,"minecraft:deepslate":143},"minecraft:custom":{"minecraft:mob_kills":97,"minecraft:inspect_hopper":1,"minecraft:interact_with_crafting_table":19,"minecraft:open_barrel":3,"minecraft:leave_game":6,"minecraft:time_since_death":240828,"minecraft:climb_one_cm":7154,"minecraft:sprint_one_cm":682690,"minecraft:walk_one_cm":359094,"minecraft:damage_blocked_by_shield":175,"minecraft:drop":24,"minecraft:play_time":240828,"minecraft:sneak_time":42473,"minecraft:walk_under_water_one_cm":1856,"minecraft:jump":5072,"minecraft:interact_with_blast_furnace":11,"minecraft:walk_on_water_one_cm":55361,"minecraft:enchant_item":3,"minecraft:total_world_time":240828,"minecraft:interact_with_furnace":62,"minecraft:play_record":1,"minecraft:sleep_in_bed":2,"minecraft:time_since_rest":138508,"minecraft:damage_taken":1865,"minecraft:damage_dealt":12210,"minecraft:swim_one_cm":7011,"minecraft:fly_one_cm":1053956,"minecraft:open_chest":136,"minecraft:crouch_one_cm":198061,"minecraft:interact_with_smoker":13,"minecraft:fall_one_cm":162838,"minecraft:inspect_dispenser":3},"minecraft:killed":{"minecraft:witch":1,"minecraft:spider":3,"minecraft:slime":25,"minecraft:skeleton":39,"minecraft:zombie":23,"camocreepers:camo_creeper":1,"minecraft:breeze":4},"minecraft:broken":{"minecraft:shears":1,"minecraft:iron_axe":1},"minecraft:dropped":{"minecraft:moss_block":1,"minecraft:wheat_seeds":20,"minecraft:waxed_copper_grate":1,"minecraft:waxed_weathered_copper_bulb":1,"minecraft:waxed_copper_bulb":1,"minecraft:polished_deepslate":4,"minecraft:tuff_bricks":3,"minecraft:cobbled_deepslate":2,"minecraft:tuff":8,"minecraft:wheat":1,"minecraft:rotten_flesh":7,"minecraft:gunpowder":2}},"DataVersion":3953}