{"stats":{"minecraft:used":{"minecraft:apple":1,"minecraft:stone_pickaxe":7,"minecraft:wooden_pickaxe":26,"minecraft:stone_axe":65,"minecraft:torch":3,"minecraft:dirt":4},"minecraft:picked_up":{"minecraft:dark_oak_sapling":31,"minecraft:stick":16,"minecraft:wheat":1,"minecraft:chicken":1,"minecraft:spruce_sapling":9,"minecraft:spruce_log":23,"minecraft:dark_oak_log":40,"minecraft:dirt":5,"minecraft:apple":1,"minecraft:mutton":4,"minecraft:coal":6,"minecraft:white_wool":3,"minecraft:cobblestone":26},"minecraft:crafted":{"minecraft:spruce_planks":20,"minecraft:stick":20,"minecraft:wooden_pickaxe":1,"minecraft:stone_pickaxe":7,"minecraft:torch":16,"minecraft:stone_axe":1},"minecraft:custom":{"minecraft:time_since_rest":10756,"minecraft:sprint_one_cm":34905,"minecraft:damage_taken":78,"minecraft:walk_one_cm":27181,"minecraft:mob_kills":3,"minecraft:drop":6,"minecraft:damage_dealt":240,"minecraft:interact_with_crafting_table":3,"minecraft:fly_one_cm":46346,"minecraft:open_chest":5,"minecraft:crouch_one_cm":893,"minecraft:play_time":10756,"minecraft:sneak_time":409,"minecraft:jump":235,"minecraft:leave_game":1,"minecraft:time_since_death":10756,"minecraft:total_world_time":10756,"minecraft:fall_one_cm":7471},"minecraft:mined":{"minecraft:spruce_log":24,"minecraft:dark_oak_log":40,"minecraft:coal_ore":7,"minecraft:dirt":4,"minecraft:stone":26},"minecraft:killed":{"minecraft:sheep":3},"minecraft:dropped":{"minecraft:stone_pickaxe":6}},"DataVersion":3953}