{"stats":{"minecraft:picked_up":{"minecraft:crafting_table":9,"minecraft:iron_chestplate":1,"minecraft:coarse_dirt":6,"minecraft:chicken":11,"minecraft:brown_mushroom":1,"minecraft:oak_stairs":1,"minecraft:string":32,"minecraft:blackstone":46,"minecraft:cobbled_deepslate":4,"handcrafted:oak_pillar_trim":8,"minecraft:beef":55,"minecraft:light_gray_wool":2,"minecraft:furnace":8,"minecraft:dark_oak_sapling":1,"minecraft:stick":10,"minecraft:raw_iron":105,"minecraft:acacia_log":13,"minecraft:porkchop":32,"minecraft:cherry_log":8,"minecraft:redstone":28,"minecraft:stone_sword":1,"minecraft:arrow":24,"minecraft:rotten_flesh":13,"minecraft:tropical_fish":1,"minecraft:hay_block":5,"minecraft:armadillo_scute":16,"minecraft:mutton":28,"minecraft:white_wool":26,"minecraft:cobblestone":57,"minecraft:birch_log":7,"minecraft:magma_block":1,"minecraft:feather":10,"enchanted-vertical-slabs:vertical_cobblestone_slab":6,"minecraft:brown_wool":1,"minecraft:leather":26,"minecraft:tuff":1,"minecraft:oak_log":23,"minecraft:lily_pad":9,"minecraft:lapis_lazuli":29,"minecraft:dirt":11,"minecraft:bone":18,"minecraft:stone_bricks":1,"minecraft:kelp":8,"minecraft:bow":3,"minecraft:wheat_seeds":7,"minecraft:raw_gold":14,"minecraft:spore_blossom":2,"minecraft:glowstone_dust":8,"minecraft:bamboo":37,"minecraft:moss_block":16,"minecraft:oak_planks":5,"minecraft:acacia_sapling":3,"minecraft:book":18,"minecraft:smooth_basalt":1,"minecraft:birch_boat":2,"minecraft:white_bed":4,"minecraft:spider_eye":2,"minecraft:diamond":20,"minecraft:stone_axe":1,"minecraft:soul_lantern":10,"waystones:waystone":2,"minecraft:iron_helmet":1,"minecraft:cherry_sapling":1,"minecraft:emerald":1,"minecraft:rooted_dirt":2,"minecraft:oak_sapling":3,"minecraft:coal":48},"minecraft:used":{"minecraft:moss_block":16,"minecraft:stone_sword":125,"minecraft:shield":9,"minecraft:rotten_flesh":4,"minecraft:torch":10,"minecraft:dirt":11,"minecraft:tuff":1,"minecraft:iron_axe":204,"minecraft:iron_helmet":1,"minecraft:iron_boots":1,"minecraft:bamboo":1,"minecraft:furnace":9,"minecraft:cobbled_deepslate":4,"minecraft:iron_leggings":1,"minecraft:cooked_mutton":10,"minecraft:water_bucket":3,"minecraft:birch_planks":12,"minecraft:stone_pickaxe":64,"minecraft:oak_planks":7,"minecraft:blackstone":45,"minecraft:wooden_pickaxe":21,"minecraft:birch_boat":4,"minecraft:crafting_table":11,"minecraft:white_bed":4,"enchanted-vertical-slabs:vertical_cobblestone_slab":6,"waystones:waystone":2,"minecraft:diamond_pickaxe":114,"minecraft:bread":3,"minecraft:iron_pickaxe":126,"minecraft:stone_axe":62,"handcrafted:oak_pillar_trim":11,"minecraft:cooked_porkchop":23,"minecraft:bucket":4},"minecraft:broken":{"minecraft:stone_sword":1},"minecraft:dropped":{"minecraft:wheat_seeds":2,"minecraft:spore_blossom":1,"minecraft:feather":10,"minecraft:iron_helmet":2,"minecraft:cobblestone":4,"minecraft:tropical_fish":1,"minecraft:iron_axe":1,"minecraft:string":15,"minecraft:white_wool":3,"minecraft:acacia_planks":17,"minecraft:stone_axe":2,"minecraft:cooked_chicken":11,"minecraft:stone_sword":1,"minecraft:soul_lantern":10,"minecraft:raw_iron":9,"minecraft:rotten_flesh":9,"minecraft:iron_chestplate":2,"minecraft:oak_sapling":2,"minecraft:acacia_sapling":3,"minecraft:bow":3,"minecraft:stone_pickaxe":1,"minecraft:wooden_pickaxe":1},"minecraft:mined":{"minecraft:tuff":3,"minecraft:white_bed":4,"minecraft:deepslate_diamond_ore":20,"minecraft:cherry_log":19,"minecraft:acacia_log":13,"enchanted-vertical-slabs:vertical_cobblestone_slab":4,"minecraft:large_fern":3,"minecraft:hay_block":5,"minecraft:spore_blossom":1,"minecraft:magma_block":2,"minecraft:furnace":8,"minecraft:iron_ore":66,"minecraft:fire":4,"minecraft:bookshelf":6,"minecraft:deepslate_iron_ore":30,"minecraft:dirt_path":2,"minecraft:oak_stairs":1,"minecraft:bamboo_sapling":1,"minecraft:bamboo":3,"minecraft:stone":53,"minecraft:deepslate_redstone_ore":6,"minecraft:acacia_leaves":1,"minecraft:blackstone":53,"minecraft:oak_fence":3,"minecraft:crafting_table":9,"minecraft:short_grass":13,"minecraft:emerald_ore":1,"minecraft:tall_grass":1,"minecraft:lapis_ore":4,"minecraft:deepslate_gold_ore":12,"minecraft:oak_planks":5,"handcrafted:oak_pillar_trim":8,"minecraft:coarse_dirt":1,"minecraft:birch_log":7,"minecraft:sweet_berry_bush":1,"minecraft:mangrove_leaves":2,"minecraft:oak_log":23,"minecraft:coal_ore":37,"minecraft:dirt":9,"minecraft:cobweb":10,"minecraft:smooth_basalt":1,"minecraft:stone_bricks":1,"minecraft:gold_ore":2,"minecraft:oak_leaves":9,"minecraft:deepslate":5,"minecraft:fern":1},"minecraft:killed":{"minecraft:bogged":1,"minecraft:spider":9,"minecraft:skeleton":22,"minecraft:chicken":11,"minecraft:pig":18,"minecraft:sheep":19,"minecraft:zombie":17,"camocreepers:camo_creeper":1,"minecraft:cow":24},"minecraft:crafted":{"minecraft:oak_planks":24,"enchanted-vertical-slabs:vertical_cobblestone_slab":6,"minecraft:birch_boat":3,"minecraft:cooked_chicken":11,"handcrafted:oak_pillar_trim":8,"minecraft:furnace":2,"minecraft:cooked_mutton":10,"minecraft:iron_boots":1,"minecraft:iron_axe":1,"minecraft:stone_pickaxe":1,"minecraft:chest":1,"simple_backpack:backpack":1,"minecraft:cooked_porkchop":24,"minecraft:crafting_table":2,"minecraft:wooden_pickaxe":1,"minecraft:iron_helmet":1,"minecraft:bucket":1,"minecraft:birch_planks":28,"minecraft:stone_axe":1,"minecraft:air":0,"minecraft:iron_chestplate":1,"minecraft:diamond_pickaxe":1,"minecraft:shield":1,"minecraft:stick":16,"minecraft:iron_ingot":34,"minecraft:iron_pickaxe":1,"minecraft:stone_sword":1,"minecraft:iron_leggings":1,"minecraft:white_bed":1,"minecraft:acacia_planks":52,"minecraft:torch":28,"minecraft:shears":1,"minecraft:diamond_chestplate":1},"minecraft:custom":{"minecraft:mob_kills":124,"minecraft:interact_with_crafting_table":32,"minecraft:open_barrel":8,"minecraft:bell_ring":3,"minecraft:leave_game":3,"minecraft:time_since_death":200419,"minecraft:climb_one_cm":5604,"minecraft:sprint_one_cm":446792,"minecraft:walk_one_cm":366014,"minecraft:damage_blocked_by_shield":220,"minecraft:drop":28,"minecraft:talked_to_villager":1,"minecraft:play_time":200419,"minecraft:sneak_time":5009,"minecraft:walk_under_water_one_cm":6904,"minecraft:boat_one_cm":389837,"minecraft:jump":4137,"minecraft:walk_on_water_one_cm":9441,"minecraft:total_world_time":200419,"minecraft:interact_with_furnace":40,"minecraft:sleep_in_bed":6,"minecraft:time_since_rest":51515,"minecraft:waystone_activated":2,"minecraft:damage_taken":1946,"minecraft:damage_dealt":15483,"minecraft:swim_one_cm":28846,"minecraft:fly_one_cm":819625,"minecraft:open_chest":25,"minecraft:crouch_one_cm":17589,"minecraft:fall_one_cm":118657}},"DataVersion":3953}