{"stats":{"minecraft:used":{"minecraft:spruce_sapling":1},"minecraft:custom":{"minecraft:time_since_rest":14459,"minecraft:crouch_one_cm":160,"minecraft:sprint_one_cm":11566,"minecraft:play_time":14459,"minecraft:damage_taken":30,"minecraft:walk_one_cm":24195,"minecraft:sneak_time":43,"minecraft:jump":128,"minecraft:damage_dealt":37,"minecraft:leave_game":2,"minecraft:time_since_death":14459,"minecraft:total_world_time":14459,"minecraft:fall_one_cm":3370,"minecraft:fly_one_cm":13249},"minecraft:picked_up":{"minecraft:stick":5,"minecraft:spruce_stairs":2,"minecraft:spruce_planks":15,"minecraft:spruce_sapling":4,"minecraft:spruce_log":8,"minecraft:spruce_slab":1,"minecraft:cobblestone":14,"minecraft:dirt":1},"minecraft:mined":{"minecraft:spruce_stairs":2,"minecraft:spruce_planks":4,"minecraft:spruce_leaves":118,"minecraft:spruce_log":8,"minecraft:spruce_slab":1,"minecraft:glow_lichen":6}},"DataVersion":3953}