{"stats":{"minecraft:mined":{"minecraft:spruce_log":2,"minecraft:birch_leaves":202,"minecraft:bee_nest":1,"minecraft:short_grass":1,"minecraft:grass_block":3,"minecraft:oak_log":11,"minecraft:dirt":5,"minecraft:spruce_leaves":3,"minecraft:stone":6,"minecraft:oak_leaves":766},"minecraft:killed_by":{"minecraft:player":2,"minecraft:creeper":1},"minecraft:crafted":{"minecraft:crafting_table":2,"minecraft:spruce_planks":8,"minecraft:stick":8,"minecraft:wooden_pickaxe":1,"minecraft:stone_pickaxe":1,"minecraft:stone_sword":1,"minecraft:stone_axe":1},"minecraft:used":{"minecraft:apple":7,"minecraft:stone_sword":5,"minecraft:wooden_pickaxe":16,"minecraft:rotten_flesh":1,"minecraft:dirt":8,"minecraft:bow":1,"minecraft:crafting_table":2},"minecraft:picked_up":{"minecraft:raw_iron":8,"minecraft:stick":117,"minecraft:wooden_pickaxe":1,"minecraft:oak_log":14,"minecraft:spruce_sapling":2,"minecraft:spruce_log":2,"minecraft:dirt":34,"minecraft:arrow":1,"minecraft:bone":2,"minecraft:stone_shovel":1,"minecraft:rotten_flesh":1,"minecraft:apple":7,"minecraft:bow":1,"minecraft:wheat_seeds":2,"minecraft:oak_sapling":54,"minecraft:birch_sapling":26,"minecraft:oak_planks":27,"minecraft:cobblestone":26},"minecraft:killed":{"minecraft:skeleton":2,"minecraft:zombie":1,"minecraft:player":1},"minecraft:custom":{"minecraft:time_since_rest":9356,"minecraft:sprint_one_cm":56938,"minecraft:damage_taken":1121,"minecraft:walk_one_cm":66845,"minecraft:mob_kills":3,"minecraft:damage_dealt":783,"minecraft:interact_with_crafting_table":2,"minecraft:player_kills":1,"minecraft:fly_one_cm":70295,"minecraft:crouch_one_cm":1340,"minecraft:play_time":30623,"minecraft:deaths":3,"minecraft:sneak_time":456,"minecraft:jump":599,"minecraft:leave_game":3,"minecraft:time_since_death":9195,"minecraft:total_world_time":30623,"minecraft:fall_one_cm":17729}},"DataVersion":3953}