{"stats":{"minecraft:killed_by":{"minecraft:player":2,"minecraft:creeper":1},"minecraft:killed":{"minecraft:skeleton":1},"minecraft:custom":{"minecraft:time_since_rest":6499,"minecraft:sprint_one_cm":51116,"minecraft:damage_taken":999,"minecraft:walk_one_cm":58882,"minecraft:mob_kills":1,"minecraft:damage_dealt":532,"minecraft:interact_with_crafting_table":1,"minecraft:fly_one_cm":63636,"minecraft:crouch_one_cm":1235,"minecraft:play_time":27766,"minecraft:deaths":3,"minecraft:sneak_time":446,"minecraft:jump":534,"minecraft:leave_game":2,"minecraft:time_since_death":6338,"minecraft:total_world_time":27766,"minecraft:fall_one_cm":17086},"minecraft:picked_up":{"minecraft:stick":53,"minecraft:wooden_pickaxe":1,"minecraft:oak_log":14,"minecraft:spruce_sapling":1,"minecraft:dirt":32,"minecraft:arrow":1,"minecraft:bone":2,"minecraft:rotten_flesh":1,"minecraft:apple":7,"minecraft:bow":1,"minecraft:wheat_seeds":1,"minecraft:oak_sapling":54,"minecraft:birch_sapling":4,"minecraft:oak_planks":27,"minecraft:cobblestone":26},"minecraft:used":{"minecraft:apple":7,"minecraft:wooden_pickaxe":16,"minecraft:dirt":8,"minecraft:bow":1,"minecraft:crafting_table":1},"minecraft:mined":{"minecraft:birch_leaves":202,"minecraft:bee_nest":1,"minecraft:short_grass":1,"minecraft:grass_block":2,"minecraft:oak_log":11,"minecraft:dirt":4,"minecraft:stone":6,"minecraft:oak_leaves":766},"minecraft:crafted":{"minecraft:crafting_table":1,"minecraft:stick":8,"minecraft:wooden_pickaxe":1}},"DataVersion":3953}