{"stats":{"minecraft:custom":{"minecraft:time_since_rest":3375,"minecraft:crouch_one_cm":160,"minecraft:sprint_one_cm":11893,"minecraft:play_time":18720,"minecraft:deaths":1,"minecraft:damage_taken":296,"minecraft:walk_one_cm":26508,"minecraft:sneak_time":43,"minecraft:jump":148,"minecraft:damage_dealt":187,"minecraft:leave_game":3,"minecraft:time_since_death":3351,"minecraft:total_world_time":18720,"minecraft:fall_one_cm":4742,"minecraft:fly_one_cm":15370},"minecraft:used":{"minecraft:spruce_sapling":1},"minecraft:picked_up":{"minecraft:stick":5,"minecraft:spruce_stairs":2,"minecraft:spruce_planks":30,"minecraft:spruce_sapling":4,"minecraft:spruce_log":8,"minecraft:spruce_slab":1,"minecraft:cobblestone":28,"minecraft:dirt":2},"minecraft:killed_by":{"minecraft:player":1},"minecraft:mined":{"minecraft:spruce_stairs":2,"minecraft:spruce_planks":4,"minecraft:spruce_leaves":118,"minecraft:spruce_log":8,"minecraft:spruce_slab":1,"minecraft:glow_lichen":6}},"DataVersion":3953}