{"stats":{"minecraft:mined":{"minecraft:spruce_stairs":2,"minecraft:spruce_planks":4,"minecraft:spruce_leaves":118,"minecraft:spruce_log":8,"minecraft:spruce_slab":1,"minecraft:glow_lichen":6},"minecraft:used":{"minecraft:spruce_sapling":1},"minecraft:picked_up":{"minecraft:stick":5,"minecraft:spruce_stairs":2,"minecraft:spruce_planks":4,"minecraft:spruce_sapling":4,"minecraft:spruce_slab":1,"minecraft:spruce_log":8,"minecraft:dirt":1},"minecraft:custom":{"minecraft:time_since_rest":12095,"minecraft:crouch_one_cm":160,"minecraft:play_time":12095,"minecraft:sprint_one_cm":10964,"minecraft:damage_taken":30,"minecraft:walk_one_cm":20737,"minecraft:sneak_time":43,"minecraft:jump":122,"minecraft:damage_dealt":10,"minecraft:leave_game":1,"minecraft:time_since_death":12095,"minecraft:total_world_time":12095,"minecraft:fall_one_cm":3370,"minecraft:fly_one_cm":12847}},"DataVersion":3953}