{"stats":{"minecraft:killed":{"minecraft:skeleton":2,"minecraft:zombie":1,"minecraft:player":2,"minecraft:enderman":1},"minecraft:custom":{"minecraft:time_since_rest":24368,"minecraft:sprint_one_cm":89739,"minecraft:damage_taken":725,"minecraft:walk_one_cm":89981,"minecraft:mob_kills":4,"minecraft:drop":3,"minecraft:animals_bred":1,"minecraft:damage_dealt":1368,"minecraft:interact_with_crafting_table":2,"minecraft:player_kills":2,"minecraft:fly_one_cm":120403,"minecraft:crouch_one_cm":3117,"minecraft:play_time":26784,"minecraft:deaths":1,"minecraft:sneak_time":1046,"minecraft:jump":857,"minecraft:leave_game":3,"minecraft:time_since_death":24345,"minecraft:total_world_time":26784,"minecraft:fall_one_cm":25932},"minecraft:picked_up":{"minecraft:stick":70,"minecraft:dandelion":6,"minecraft:oak_log":52,"minecraft:spruce_sapling":3,"minecraft:spruce_log":89,"minecraft:grass_block":1,"minecraft:dirt":84,"minecraft:arrow":2,"minecraft:bone":3,"minecraft:apple":20,"minecraft:wheat_seeds":1,"minecraft:poppy":6,"minecraft:oak_sapling":111,"minecraft:birch_sapling":22,"minecraft:coal":16,"minecraft:cobblestone":189,"minecraft:ender_pearl":1},"minecraft:dropped":{"minecraft:wheat_seeds":1,"minecraft:oak_planks":27,"minecraft:wooden_pickaxe":1},"minecraft:used":{"minecraft:apple":20,"minecraft:stone_pickaxe":50,"minecraft:poppy":3,"minecraft:wooden_pickaxe":8,"minecraft:stone_axe":113,"minecraft:dirt":8,"minecraft:cobblestone":13,"minecraft:crafting_table":2,"minecraft:oak_sapling":3,"minecraft:dandelion":1},"minecraft:mined":{"minecraft:large_fern":1,"minecraft:oak_sapling":2,"minecraft:spruce_log":89,"minecraft:birch_leaves":425,"minecraft:dandelion":6,"minecraft:bee_nest":1,"minecraft:coal_ore":16,"minecraft:short_grass":5,"minecraft:oak_log":55,"minecraft:grass_block":22,"minecraft:poppy":6,"minecraft:dirt":55,"minecraft:stone":210,"minecraft:oak_leaves":2846},"minecraft:crafted":{"minecraft:oak_planks":64,"minecraft:stone_shovel":1,"minecraft:crafting_table":2,"minecraft:stick":8,"minecraft:wooden_pickaxe":1,"minecraft:stone_pickaxe":1,"minecraft:stone_axe":1}},"DataVersion":3953}