{"stats":{"minecraft:killed":{"minecraft:player":2},"minecraft:custom":{"minecraft:time_since_rest":5493,"minecraft:crouch_one_cm":375,"minecraft:walk_one_cm":25351,"minecraft:play_time":7909,"minecraft:sprint_one_cm":36340,"minecraft:damage_taken":351,"minecraft:deaths":1,"minecraft:sneak_time":93,"minecraft:animals_bred":1,"minecraft:jump":346,"minecraft:damage_dealt":340,"minecraft:leave_game":1,"minecraft:time_since_death":5470,"minecraft:total_world_time":7909,"minecraft:fall_one_cm":14397,"minecraft:fly_one_cm":48761,"minecraft:player_kills":2},"minecraft:picked_up":{"minecraft:stick":6,"minecraft:apple":5,"minecraft:dandelion":6,"minecraft:poppy":6,"minecraft:oak_sapling":8,"minecraft:birch_sapling":3},"minecraft:used":{"minecraft:oak_sapling":3,"minecraft:poppy":3,"minecraft:dandelion":1},"minecraft:mined":{"minecraft:short_grass":3,"minecraft:poppy":6,"minecraft:oak_sapling":2,"minecraft:birch_leaves":76,"minecraft:dandelion":6,"minecraft:oak_leaves":243,"minecraft:bee_nest":1}},"DataVersion":3953}