{"stats":{"minecraft:mined":{"minecraft:granite":9,"minecraft:grass_block":16,"minecraft:dirt":42,"minecraft:copper_ore":2,"minecraft:stone":63,"minecraft:spruce_leaves":124,"minecraft:spruce_log":15},"minecraft:crafted":{"minecraft:crafting_table":1,"minecraft:spruce_planks":60,"minecraft:stick":8,"minecraft:wooden_pickaxe":1},"minecraft:used":{"minecraft:crafting_table":1,"minecraft:wooden_pickaxe":28,"minecraft:granite":4},"minecraft:picked_up":{"minecraft:raw_copper":6,"minecraft:granite":9,"minecraft:spruce_sapling":8,"minecraft:spruce_log":15,"minecraft:dirt":50,"minecraft:cobblestone":63},"minecraft:custom":{"minecraft:time_since_rest":4586,"minecraft:crouch_one_cm":977,"minecraft:play_time":4586,"minecraft:sprint_one_cm":973,"minecraft:damage_taken":10,"minecraft:walk_one_cm":4748,"minecraft:sneak_time":937,"minecraft:jump":32,"minecraft:damage_dealt":10,"minecraft:leave_game":1,"minecraft:time_since_death":4586,"minecraft:total_world_time":4586,"minecraft:interact_with_crafting_table":1,"minecraft:fall_one_cm":629,"minecraft:fly_one_cm":1565}},"DataVersion":3953}