{"stats":{"minecraft:killed":{"minecraft:player":2},"minecraft:used":{"minecraft:apple":4,"minecraft:crafting_table":1,"minecraft:oak_sapling":3,"minecraft:poppy":3,"minecraft:dandelion":1},"minecraft:picked_up":{"minecraft:stick":25,"minecraft:apple":10,"minecraft:dandelion":6,"minecraft:oak_log":16,"minecraft:poppy":6,"minecraft:oak_sapling":58,"minecraft:birch_sapling":10},"minecraft:crafted":{"minecraft:oak_planks":44,"minecraft:crafting_table":1,"minecraft:stick":8,"minecraft:wooden_pickaxe":1},"minecraft:custom":{"minecraft:time_since_rest":8492,"minecraft:crouch_one_cm":375,"minecraft:damage_taken":371,"minecraft:play_time":10908,"minecraft:sprint_one_cm":40326,"minecraft:deaths":1,"minecraft:walk_one_cm":44111,"minecraft:sneak_time":93,"minecraft:animals_bred":1,"minecraft:jump":422,"minecraft:damage_dealt":340,"minecraft:leave_game":2,"minecraft:time_since_death":8469,"minecraft:total_world_time":10908,"minecraft:interact_with_crafting_table":1,"minecraft:fall_one_cm":14801,"minecraft:fly_one_cm":51023,"minecraft:player_kills":2},"minecraft:mined":{"minecraft:short_grass":3,"minecraft:oak_log":16,"minecraft:poppy":6,"minecraft:oak_sapling":2,"minecraft:birch_leaves":196,"minecraft:dandelion":6,"minecraft:oak_leaves":1153,"minecraft:bee_nest":1}},"DataVersion":3953}