{"stats":{"minecraft:crafted":{"minecraft:stone_shovel":1,"minecraft:crafting_table":1,"minecraft:spruce_planks":60,"minecraft:stick":16,"minecraft:wooden_pickaxe":1,"minecraft:stone_pickaxe":1,"minecraft:stone_axe":1},"minecraft:custom":{"minecraft:time_since_rest":2803,"minecraft:sprint_one_cm":7129,"minecraft:damage_taken":270,"minecraft:walk_one_cm":12954,"minecraft:mob_kills":1,"minecraft:drop":5,"minecraft:damage_dealt":443,"minecraft:interact_with_crafting_table":3,"minecraft:fly_one_cm":10317,"minecraft:player_kills":1,"minecraft:crouch_one_cm":1045,"minecraft:play_time":10466,"minecraft:deaths":1,"minecraft:sneak_time":945,"minecraft:jump":116,"minecraft:leave_game":3,"minecraft:time_since_death":2781,"minecraft:total_world_time":10466,"minecraft:fall_one_cm":4370},"minecraft:used":{"minecraft:wooden_pickaxe":28,"minecraft:stone_axe":5,"minecraft:crafting_table":1,"minecraft:granite":4},"minecraft:picked_up":{"minecraft:stick":18,"minecraft:wooden_pickaxe":1,"minecraft:spruce_stairs":4,"minecraft:spruce_sapling":26,"minecraft:spruce_log":15,"minecraft:dirt":114,"minecraft:raw_copper":12,"minecraft:stone_shovel":1,"minecraft:rotten_flesh":6,"minecraft:stone_axe":1,"minecraft:spruce_planks":34,"minecraft:granite":14,"minecraft:stone_pickaxe":1,"minecraft:cobblestone":105},"minecraft:dropped":{"minecraft:spruce_planks":11,"minecraft:cobblestone":14,"minecraft:rotten_flesh":4,"minecraft:wooden_pickaxe":1},"minecraft:mined":{"minecraft:spruce_log":15,"minecraft:granite":9,"minecraft:grass_block":16,"minecraft:dirt":42,"minecraft:copper_ore":2,"minecraft:spruce_leaves":124,"minecraft:stone":63},"minecraft:killed":{"minecraft:zombie":1,"minecraft:player":1}},"DataVersion":3953}