{"stats":{"minecraft:picked_up":{"minecraft:crafting_table":8,"minecraft:coarse_dirt":1,"minecraft:chicken":8,"minecraft:brown_mushroom":4,"minecraft:string":27,"minecraft:shroomlight":14,"minecraft:blackstone":42,"minecraft:cobbled_deepslate":8,"minecraft:mossy_cobblestone_wall":1,"minecraft:beef":54,"minecraft:iron_pickaxe":1,"minecraft:sugar_cane":9,"minecraft:egg":1,"minecraft:furnace":3,"minecraft:stick":2,"minecraft:raw_iron":249,"minecraft:copper_ingot":1,"minecraft:torch":3,"minecraft:acacia_log":48,"minecraft:porkchop":11,"minecraft:carrot":1,"minecraft:redstone":45,"minecraft:weeping_vines":2,"minecraft:arrow":6,"minecraft:rotten_flesh":18,"minecraft:stone_shovel":1,"minecraft:armadillo_scute":16,"minecraft:obsidian":4,"minecraft:mutton":19,"minecraft:cobblestone":81,"minecraft:white_wool":12,"minecraft:enchanting_table":1,"minecraft:feather":10,"minecraft:cooked_beef":14,"minecraft:crimson_stem":52,"minecraft:glow_ink_sac":2,"minecraft:leather":35,"minecraft:smoker":1,"minecraft:red_mushroom":12,"minecraft:flint":1,"minecraft:crimson_fungus":1,"minecraft:tuff":4,"minecraft:nether_wart_block":223,"minecraft:gunpowder":2,"minecraft:lapis_lazuli":26,"minecraft:dirt":4,"minecraft:bone":10,"minecraft:acacia_planks":38,"minecraft:bow":2,"minecraft:wheat_seeds":9,"minecraft:raw_gold":16,"minecraft:stone_pickaxe":2,"minecraft:cooked_chicken":21,"minecraft:bamboo":5,"minecraft:glowstone_dust":72,"minecraft:moss_block":31,"minecraft:acacia_sapling":5,"minecraft:warped_fungus":3,"minecraft:smooth_basalt":5,"minecraft:pumpkin":1,"minecraft:music_disc_13":1,"minecraft:quartz":29,"minecraft:gravel":6,"minecraft:spider_eye":1,"minecraft:diamond":35,"minecraft:stone_axe":2,"minecraft:granite":1,"minecraft:terracotta":8,"minecraft:rooted_dirt":1,"minecraft:netherrack":54,"minecraft:coal":62,"minecraft:crimson_roots":2},"minecraft:used":{"minecraft:moss_block":45,"minecraft:enchanting_table":1,"minecraft:stone_sword":40,"minecraft:stone_shovel":4,"minecraft:chest":2,"minecraft:shield":23,"minecraft:cooked_chicken":11,"minecraft:rotten_flesh":4,"minecraft:netherrack":42,"minecraft:iron_chestplate":1,"minecraft:torch":24,"minecraft:granite":1,"minecraft:lava_bucket":14,"minecraft:iron_axe":510,"minecraft:crimson_roots":1,"minecraft:furnace":3,"minecraft:cooked_beef":18,"minecraft:acacia_planks":1,"minecraft:water_bucket":9,"minecraft:stone_pickaxe":67,"minecraft:blackstone":16,"minecraft:glow_berries":8,"minecraft:terracotta":8,"minecraft:crafting_table":14,"minecraft:mushroom_stew":4,"minecraft:smoker":1,"minecraft:diamond_pickaxe":219,"minecraft:iron_pickaxe":271,"minecraft:gravel":6,"minecraft:stone_axe":130,"minecraft:diamond_sword":197,"minecraft:crimson_fungus":1,"minecraft:cobblestone":36,"minecraft:bucket":24,"minecraft:brush":3},"minecraft:broken":{"minecraft:stone_pickaxe":1,"minecraft:brush":4,"minecraft:iron_axe":1,"minecraft:stone_axe":1,"minecraft:iron_pickaxe":1},"minecraft:dropped":{"minecraft:wheat_seeds":9,"minecraft:glow_ink_sac":1,"minecraft:glow_berries":61,"minecraft:rooted_dirt":1,"minecraft:music_disc_13":1,"minecraft:crimson_roots":1,"minecraft:armadillo_scute":16,"minecraft:string":9,"minecraft:white_wool":1,"minecraft:blackstone":3,"minecraft:coarse_dirt":1,"minecraft:stone_sword":1,"minecraft:tuff":4,"minecraft:rotten_flesh":14,"minecraft:glowstone_dust":8,"minecraft:acacia_sapling":5},"minecraft:mined":{"minecraft:tuff":4,"minecraft:deepslate_diamond_ore":35,"minecraft:obsidian":4,"minecraft:granite":1,"minecraft:acacia_log":58,"minecraft:grass_block":4,"minecraft:crimson_roots":3,"minecraft:brown_mushroom_block":41,"minecraft:crimson_fungus":1,"minecraft:moss_block":10,"minecraft:crimson_stem":53,"minecraft:spawner":1,"minecraft:large_fern":4,"minecraft:glowstone":26,"minecraft:furnace":3,"minecraft:iron_ore":137,"minecraft:fire":13,"minecraft:pumpkin":1,"minecraft:enchanting_table":1,"minecraft:deepslate_iron_ore":53,"minecraft:shroomlight":15,"minecraft:bamboo":1,"minecraft:stone":48,"minecraft:deepslate_redstone_ore":8,"minecraft:acacia_leaves":1,"minecraft:blackstone":51,"minecraft:smoker":1,"minecraft:powder_snow":3,"minecraft:crafting_table":8,"minecraft:torch":1,"minecraft:short_grass":17,"minecraft:mossy_cobblestone_wall":1,"minecraft:mushroom_stem":35,"minecraft:nether_quartz_ore":30,"minecraft:tall_grass":2,"minecraft:cobblestone":19,"minecraft:deepslate_coal_ore":1,"minecraft:lapis_ore":4,"minecraft:deepslate_gold_ore":16,"minecraft:sugar_cane":3,"minecraft:wall_torch":1,"minecraft:coarse_dirt":1,"minecraft:cobblestone_wall":1,"minecraft:nether_wart_block":366,"minecraft:warped_fungus":3,"minecraft:coal_ore":28,"minecraft:gravel":7,"minecraft:cobweb":9,"minecraft:smooth_basalt":8,"minecraft:terracotta":8,"minecraft:red_mushroom_block":35,"minecraft:netherrack":56,"minecraft:deepslate":8,"minecraft:fern":1},"minecraft:killed_by":{"minecraft:skeleton":1},"minecraft:killed":{"minecraft:cave_spider":4,"minecraft:witch":1,"minecraft:spider":5,"minecraft:skeleton":12,"minecraft:chicken":9,"minecraft:piglin":4,"minecraft:pig":7,"minecraft:sheep":11,"minecraft:zombie":16,"minecraft:cow":28},"minecraft:crafted":{"minecraft:stone_shovel":1,"minecraft:furnace":2,"minecraft:mushroom_stew":4,"minecraft:flint_and_steel":1,"minecraft:diamond_helmet":1,"minecraft:diamond_leggings":1,"minecraft:raw_copper":27,"minecraft:iron_axe":2,"minecraft:chest":5,"minecraft:diamond_boots":1,"minecraft:smoker":1,"minecraft:cooked_beef":36,"minecraft:crimson_planks":4,"minecraft:diamond_sword":1,"simple_backpack:backpack":1,"minecraft:crafting_table":6,"minecraft:enchanting_table":1,"minecraft:brush":4,"minecraft:bowl":4,"minecraft:copper_ingot":8,"minecraft:bucket":2,"minecraft:stone_axe":1,"minecraft:air":0,"minecraft:white_wool":3,"minecraft:iron_chestplate":1,"minecraft:diamond_pickaxe":1,"minecraft:shield":1,"minecraft:stick":36,"minecraft:iron_ingot":20,"minecraft:iron_pickaxe":1,"minecraft:stone_sword":1,"minecraft:acacia_planks":176,"minecraft:torch":40,"minecraft:diamond_chestplate":1},"minecraft:custom":{"minecraft:mob_kills":98,"minecraft:interact_with_crafting_table":34,"minecraft:open_barrel":34,"minecraft:leave_game":2,"minecraft:time_since_death":180052,"minecraft:climb_one_cm":425,"minecraft:sprint_one_cm":432244,"minecraft:walk_one_cm":279295,"minecraft:damage_blocked_by_shield":654,"minecraft:drop":32,"minecraft:play_time":185095,"minecraft:sneak_time":13091,"minecraft:deaths":1,"minecraft:walk_under_water_one_cm":1889,"minecraft:jump":3712,"minecraft:walk_on_water_one_cm":3219,"minecraft:enchant_item":7,"minecraft:total_world_time":185095,"minecraft:interact_with_furnace":31,"minecraft:sleep_in_bed":4,"minecraft:time_since_rest":4838,"minecraft:waystone_activated":2,"minecraft:damage_taken":1669,"minecraft:damage_dealt":12761,"minecraft:swim_one_cm":14508,"minecraft:fly_one_cm":737464,"minecraft:open_chest":1,"minecraft:crouch_one_cm":54096,"minecraft:interact_with_smoker":14,"minecraft:fall_one_cm":123082}},"DataVersion":3953}