{"stats":{"minecraft:crafted":{"minecraft:stone_shovel":1,"minecraft:stone_axe":1,"minecraft:crafting_table":1,"minecraft:spruce_planks":60,"minecraft:stick":16,"minecraft:stone_pickaxe":1,"minecraft:wooden_pickaxe":1},"minecraft:used":{"minecraft:stone_axe":3,"minecraft:crafting_table":1,"minecraft:wooden_pickaxe":28,"minecraft:granite":4},"minecraft:custom":{"minecraft:time_since_rest":6585,"minecraft:crouch_one_cm":1045,"minecraft:play_time":6585,"minecraft:sprint_one_cm":3404,"minecraft:damage_taken":10,"minecraft:walk_one_cm":8529,"minecraft:sneak_time":945,"minecraft:mob_kills":1,"minecraft:drop":5,"minecraft:jump":62,"minecraft:damage_dealt":182,"minecraft:leave_game":2,"minecraft:time_since_death":6585,"minecraft:total_world_time":6585,"minecraft:interact_with_crafting_table":3,"minecraft:fall_one_cm":1256,"minecraft:fly_one_cm":5004},"minecraft:killed":{"minecraft:zombie":1},"minecraft:dropped":{"minecraft:cobblestone":14,"minecraft:rotten_flesh":4,"minecraft:wooden_pickaxe":1,"minecraft:spruce_planks":11},"minecraft:picked_up":{"minecraft:raw_copper":6,"minecraft:rotten_flesh":4,"minecraft:granite":9,"minecraft:spruce_sapling":10,"minecraft:spruce_log":15,"minecraft:dirt":56,"minecraft:cobblestone":63},"minecraft:mined":{"minecraft:granite":9,"minecraft:grass_block":16,"minecraft:dirt":42,"minecraft:copper_ore":2,"minecraft:spruce_leaves":124,"minecraft:spruce_log":15,"minecraft:stone":63}},"DataVersion":3953}