{"stats":{"minecraft:killed_by":{"minecraft:player":1},"minecraft:mined":{"minecraft:large_fern":1,"minecraft:oak_sapling":2,"minecraft:iron_ore":8,"minecraft:spruce_log":89,"minecraft:birch_leaves":425,"minecraft:dandelion":6,"minecraft:bee_nest":1,"minecraft:short_grass":5,"minecraft:grass_block":23,"minecraft:oak_log":55,"minecraft:coal_ore":41,"minecraft:poppy":6,"minecraft:dirt":55,"minecraft:stone":214,"minecraft:oak_leaves":2846},"minecraft:crafted":{"minecraft:oak_planks":64,"minecraft:stone_shovel":1,"minecraft:crafting_table":2,"minecraft:stick":8,"minecraft:wooden_pickaxe":1,"minecraft:stone_pickaxe":1,"minecraft:stone_axe":1},"minecraft:used":{"minecraft:apple":20,"minecraft:stone_pickaxe":91,"minecraft:poppy":3,"minecraft:wooden_pickaxe":8,"minecraft:stone_axe":117,"minecraft:dirt":8,"minecraft:cobblestone":21,"minecraft:crafting_table":2,"minecraft:oak_sapling":3,"minecraft:dandelion":1},"minecraft:broken":{"minecraft:stone_axe":1},"minecraft:picked_up":{"minecraft:raw_iron":8,"minecraft:stick":70,"minecraft:dandelion":6,"minecraft:oak_log":52,"minecraft:spruce_sapling":3,"minecraft:grass_block":1,"minecraft:spruce_log":89,"minecraft:dirt":124,"minecraft:bone":3,"minecraft:arrow":2,"minecraft:apple":20,"minecraft:wheat_seeds":2,"minecraft:poppy":6,"minecraft:oak_sapling":111,"minecraft:birch_sapling":22,"minecraft:coal":41,"minecraft:cobblestone":194,"minecraft:ender_pearl":1},"minecraft:killed":{"minecraft:skeleton":2,"minecraft:zombie":1,"minecraft:player":2,"minecraft:enderman":1},"minecraft:custom":{"minecraft:time_since_rest":132,"minecraft:sprint_one_cm":100334,"minecraft:damage_taken":940,"minecraft:walk_one_cm":96486,"minecraft:mob_kills":4,"minecraft:drop":3,"minecraft:animals_bred":1,"minecraft:damage_dealt":1761,"minecraft:interact_with_crafting_table":2,"minecraft:fly_one_cm":134149,"minecraft:player_kills":2,"minecraft:play_time":29652,"minecraft:crouch_one_cm":5881,"minecraft:deaths":2,"minecraft:sneak_time":1699,"minecraft:jump":937,"minecraft:leave_game":4,"minecraft:time_since_death":92,"minecraft:total_world_time":29652,"minecraft:fall_one_cm":28354},"minecraft:dropped":{"minecraft:wheat_seeds":1,"minecraft:oak_planks":27,"minecraft:wooden_pickaxe":1}},"DataVersion":3953}