{"stats":{"minecraft:used":{"minecraft:apple":1,"minecraft:bread":2,"minecraft:stone_pickaxe":24,"minecraft:wooden_pickaxe":15,"minecraft:stonecutter":1,"minecraft:stone_axe":94,"minecraft:dirt":3,"minecraft:cobblestone":7,"minecraft:sweet_berries":1,"minecraft:crafting_table":1},"minecraft:picked_up":{"minecraft:dark_oak_sapling":57,"minecraft:stick":16,"minecraft:raw_iron":2,"minecraft:feather":3,"minecraft:chicken":5,"minecraft:sweet_berries":8,"minecraft:porkchop":3,"minecraft:spruce_sapling":7,"minecraft:spruce_log":12,"minecraft:dark_oak_log":73,"minecraft:blue_bed":1,"minecraft:dirt":3,"minecraft:purple_bed":1,"minecraft:apple":1,"minecraft:stonecutter":1,"minecraft:grindstone":1,"minecraft:mutton":8,"minecraft:coal":17,"minecraft:white_wool":5,"minecraft:cobblestone":19},"minecraft:crafted":{"minecraft:stone_shovel":1,"minecraft:crafting_table":1,"minecraft:stick":12,"minecraft:wooden_pickaxe":1,"minecraft:stone_pickaxe":1,"minecraft:dark_oak_planks":20,"minecraft:torch":4,"minecraft:stone_axe":2},"minecraft:custom":{"minecraft:time_since_rest":10437,"minecraft:sprint_one_cm":45734,"minecraft:walk_one_cm":27527,"minecraft:mob_kills":10,"minecraft:drop":2,"minecraft:damage_dealt":680,"minecraft:interact_with_crafting_table":2,"minecraft:fly_one_cm":66435,"minecraft:open_chest":5,"minecraft:crouch_one_cm":1243,"minecraft:play_time":10437,"minecraft:sneak_time":429,"minecraft:jump":295,"minecraft:leave_game":1,"minecraft:time_since_death":10437,"minecraft:total_world_time":10437,"minecraft:fall_one_cm":7311},"minecraft:mined":{"minecraft:purple_bed":1,"minecraft:iron_ore":2,"minecraft:sweet_berry_bush":3,"minecraft:dark_oak_log":73,"minecraft:spruce_log":11,"minecraft:short_grass":1,"minecraft:grass_block":1,"minecraft:coal_ore":8,"minecraft:dirt":3,"minecraft:deepslate_coal_ore":8,"minecraft:grindstone":1,"minecraft:stonecutter":1,"minecraft:stone":19,"minecraft:blue_bed":1},"minecraft:killed":{"minecraft:sheep":4,"minecraft:pig":2,"minecraft:chicken":4},"minecraft:dropped":{"minecraft:dark_oak_sapling":14,"minecraft:white_wool":1}},"DataVersion":3953}