{"stats":{"minecraft:crafted":{"minecraft:cooked_beef":14,"minecraft:spruce_planks":16,"minecraft:stick":32,"minecraft:iron_ingot":16,"minecraft:stone_hoe":1},"minecraft:picked_up":{"minecraft:coarse_dirt":9,"minecraft:iron_chestplate":1,"minecraft:cooked_beef":20,"simple_backpack:backpack":1,"minecraft:glow_ink_sac":10,"minecraft:leather":3,"minecraft:shield":1,"minecraft:dirt":19,"minecraft:iron_axe":1,"minecraft:iron_leggings":1,"minecraft:iron_shovel":1,"minecraft:wheat_seeds":25,"handcrafted:oak_pillar_trim":5,"minecraft:bucket":1,"minecraft:beef":7,"minecraft:poppy":1,"minecraft:iron_pickaxe":1,"minecraft:enchanted_golden_apple":1,"morediscs:music_disc_left_shift":1,"minecraft:iron_sword":1,"minecraft:iron_boots":1,"minecraft:stick":2,"minecraft:raw_iron":16,"minecraft:dandelion":1,"minecraft:spruce_log":4,"waystones:waystone":3,"minecraft:iron_helmet":1,"minecraft:granite":32,"minecraft:mutton":2,"minecraft:coal":4,"minecraft:white_wool":1,"minecraft:cobblestone":21,"minecraft:sunflower":2},"minecraft:custom":{"minecraft:interact_with_furnace":7,"minecraft:mob_kills":4,"minecraft:interact_with_crafting_table":1,"minecraft:bell_ring":117,"minecraft:leave_game":6,"minecraft:time_since_death":73060,"minecraft:sleep_in_bed":5,"minecraft:time_since_rest":4650,"minecraft:waystone_activated":3,"minecraft:sprint_one_cm":127229,"minecraft:damage_taken":1435,"minecraft:walk_one_cm":96690,"minecraft:drop":5,"minecraft:damage_dealt":426,"minecraft:fly_one_cm":114445,"minecraft:open_chest":11,"minecraft:crouch_one_cm":616,"minecraft:play_time":79528,"minecraft:deaths":3,"minecraft:sneak_time":289,"minecraft:walk_under_water_one_cm":472,"minecraft:jump":766,"minecraft:walk_on_water_one_cm":1729,"minecraft:total_world_time":79528,"minecraft:fall_one_cm":18062},"minecraft:used":{"minecraft:wheat_seeds":23,"minecraft:water_bucket":1,"minecraft:iron_shovel":76,"minecraft:iron_sword":56,"minecraft:stone_hoe":35,"minecraft:dirt":14,"minecraft:granite":21,"waystones:waystone":2,"minecraft:sunflower":2,"minecraft:iron_axe":9,"minecraft:iron_pickaxe":77,"minecraft:bucket":1,"minecraft:cooked_beef":9,"minecraft:coarse_dirt":3},"minecraft:killed":{"minecraft:sheep":1,"minecraft:cow":3},"minecraft:killed_by":{"minecraft:player":3},"minecraft:dropped":{"minecraft:coarse_dirt":5},"minecraft:mined":{"minecraft:farmland":1,"minecraft:dandelion":1,"minecraft:powder_snow":5,"minecraft:granite":29,"minecraft:short_grass":156,"minecraft:grass_block":8,"minecraft:poppy":1,"minecraft:tall_grass":48,"minecraft:spruce_leaves":4,"minecraft:coarse_dirt":6,"minecraft:iron_ore":15,"minecraft:spruce_log":4,"minecraft:birch_leaves":1,"minecraft:coal_ore":4,"minecraft:dirt_path":3,"minecraft:sunflower":2,"minecraft:dirt":4,"minecraft:stone":17,"minecraft:oak_leaves":8,"minecraft:fern":3}},"DataVersion":3953}