{"stats":{"minecraft:crafted":{"minecraft:oak_door":3,"minecraft:oak_planks":100,"minecraft:oak_sign":3,"minecraft:jukebox":1,"minecraft:spyglass":1,"minecraft:furnace":2,"minecraft:cooked_mutton":20,"minecraft:mace":1,"minecraft:diamond_helmet":1,"minecraft:bow":1,"minecraft:iron_boots":1,"minecraft:iron_axe":1,"minecraft:chest":7,"minecraft:diamond_boots":1,"minecraft:cooked_beef":40,"minecraft:diamond_sword":1,"simple_backpack:backpack":2,"minecraft:crafting_table":1,"minecraft:iron_sword":2,"minecraft:copper_ingot":9,"minecraft:air":0,"minecraft:iron_chestplate":1,"minecraft:shield":1,"minecraft:stick":16,"minecraft:iron_ingot":77,"minecraft:iron_pickaxe":1,"minecraft:oak_stairs":4,"minecraft:iron_shovel":2,"minecraft:iron_leggings":1,"minecraft:torch":8},"minecraft:picked_up":{"minecraft:lingering_potion":4,"minecraft:waxed_oxidized_cut_copper":1,"simple_backpack:backpack":1,"minecraft:ominous_bottle":2,"minecraft:oak_stairs":2,"minecraft:potion":3,"minecraft:enchanted_book":3,"minecraft:music_disc_creator":3,"minecraft:brick":148,"minecraft:amethyst_block":5,"minecraft:wind_charge":33,"minecraft:music_disc_cat":1,"minecraft:string":29,"minecraft:raw_copper":7,"minecraft:iron_axe":2,"minecraft:iron_leggings":2,"minecraft:iron_shovel":1,"minecraft:blackstone":567,"minecraft:cobbled_deepslate":67,"handcrafted:oak_pillar_trim":16,"minecraft:trial_key":4,"minecraft:calcite":3,"minecraft:guster_pottery_sherd":3,"minecraft:birch_sapling":1,"minecraft:chest":1,"minecraft:waxed_oxidized_copper":5,"minecraft:iron_boots":2,"minecraft:egg":2,"minecraft:stick":3,"minecraft:raw_iron":16,"minecraft:oak_door":1,"minecraft:oak_fence":12,"minecraft:torch":11,"minecraft:flow_pottery_sherd":4,"minecraft:waxed_copper_grate":14,"minecraft:carrot":1,"minecraft:waxed_oxidized_chiseled_copper":1,"minecraft:arrow":106,"minecraft:honey_bottle":4,"minecraft:rotten_flesh":82,"minecraft:saddle":1,"minecraft:white_terracotta":93,"minecraft:tuff_bricks":2,"minecraft:rail":2,"minecraft:cobblestone":573,"minecraft:birch_log":5,"minecraft:stripped_oak_log":1,"minecraft:cooked_beef":7,"minecraft:glow_ink_sac":2,"minecraft:copper_block":1,"minecraft:potato":1,"minecraft:flint":3,"minecraft:oak_log":10,"minecraft:waxed_copper_block":3,"morediscs:music_disc_hue":1,"minecraft:gunpowder":1,"minecraft:dirt":107,"minecraft:bone":18,"minecraft:acacia_planks":3,"minecraft:wheat_seeds":20,"minecraft:raw_gold":1,"minecraft:iron_ingot":14,"minecraft:cooked_chicken":4,"minecraft:scrape_pottery_sherd":3,"minecraft:iron_sword":1,"morediscs:music_disc_left_shift":6,"minecraft:oak_planks":7,"minecraft:smooth_basalt":4,"minecraft:emerald_block":3,"minecraft:heavy_core":1,"minecraft:gravel":11,"minecraft:amethyst_shard":16,"minecraft:spruce_sapling":3,"minecraft:spruce_log":4,"minecraft:spider_eye":2,"minecraft:mossy_cobblestone":22,"minecraft:light_gray_terracotta":14,"minecraft:slime_ball":76,"minecraft:diamond":19,"minecraft:granite":111,"minecraft:breeze_rod":13,"minecraft:emerald":77,"minecraft:bread":4,"minecraft:rooted_dirt":1,"minecraft:baked_potato":6,"minecraft:oak_sapling":9,"minecraft:ominous_trial_key":4,"minecraft:coal":46},"minecraft:used":{"minecraft:iron_shovel":281,"minecraft:chest":5,"minecraft:shield":10,"minecraft:white_terracotta":13,"minecraft:iron_sword":163,"minecraft:cooked_chicken":3,"minecraft:trial_key":4,"minecraft:oak_door":2,"minecraft:torch":31,"minecraft:dirt":57,"minecraft:iron_axe":68,"minecraft:oak_stairs":3,"minecraft:rooted_dirt":1,"minecraft:bamboo_hanging_sign":1,"minecraft:diamond_chestplate":1,"minecraft:ominous_bottle":1,"minecraft:furnace":3,"minecraft:egg":2,"minecraft:cooked_beef":27,"minecraft:cooked_mutton":20,"minecraft:water_bucket":31,"minecraft:baked_potato":3,"minecraft:crafting_table":1,"minecraft:light_gray_terracotta":1,"minecraft:lingering_potion":3,"minecraft:diamond_pickaxe":1730,"minecraft:ominous_trial_key":3,"minecraft:wind_charge":6,"minecraft:bread":6,"minecraft:iron_pickaxe":207,"handcrafted:oak_pillar_trim":1,"minecraft:diamond_sword":396,"minecraft:cobblestone":338,"minecraft:cooked_porkchop":1,"minecraft:bucket":30,"minecraft:jukebox":1},"minecraft:mined":{"minecraft:diamond_ore":2,"minecraft:mossy_cobblestone":22,"minecraft:deepslate_diamond_ore":14,"minecraft:oak_door":1,"minecraft:black_terracotta":2,"minecraft:sculk_vein":39,"minecraft:waxed_oxidized_chiseled_copper":1,"minecraft:granite":112,"minecraft:grass_block":46,"minecraft:decorated_pot":42,"minecraft:spruce_leaves":3,"minecraft:rooted_dirt":1,"minecraft:tuff_bricks":7,"minecraft:spawner":2,"minecraft:magma_block":10,"minecraft:waxed_oxidized_cut_copper":1,"minecraft:sculk_catalyst":1,"minecraft:waxed_copper_grate":11,"minecraft:iron_ore":12,"minecraft:fire":8,"minecraft:vine":3,"minecraft:dirt_path":40,"minecraft:deepslate_iron_ore":5,"minecraft:oak_stairs":1,"minecraft:stripped_oak_log":1,"minecraft:stone":492,"minecraft:blackstone":807,"minecraft:amethyst_cluster":4,"minecraft:oak_fence":2,"minecraft:torch":2,"minecraft:light_gray_terracotta":21,"minecraft:short_grass":90,"minecraft:emerald_ore":1,"minecraft:calcite":3,"minecraft:chest":1,"minecraft:sculk_sensor":1,"minecraft:tall_grass":9,"minecraft:cobblestone":100,"minecraft:deepslate_coal_ore":2,"minecraft:deepslate_gold_ore":1,"minecraft:oak_planks":2,"minecraft:sculk":8,"minecraft:wall_torch":2,"minecraft:amethyst_block":5,"minecraft:deepslate_copper_ore":2,"handcrafted:oak_pillar_trim":1,"minecraft:white_terracotta":96,"minecraft:coarse_dirt":5,"minecraft:birch_log":5,"minecraft:spruce_log":4,"minecraft:birch_leaves":2,"minecraft:waxed_copper_block":3,"minecraft:copper_block":1,"minecraft:oak_log":12,"minecraft:coal_ore":42,"minecraft:waxed_oxidized_copper":4,"minecraft:gravel":16,"minecraft:dirt":28,"minecraft:cobweb":20,"minecraft:smooth_basalt":4,"minecraft:oak_leaves":12,"minecraft:deepslate":125,"minecraft:fern":2},"minecraft:custom":{"minecraft:mob_kills":192,"minecraft:inspect_hopper":1,"minecraft:interact_with_crafting_table":22,"minecraft:open_barrel":24,"minecraft:leave_game":10,"minecraft:time_since_death":319208,"minecraft:climb_one_cm":17467,"minecraft:sprint_one_cm":726524,"minecraft:walk_one_cm":719654,"minecraft:damage_blocked_by_shield":401,"minecraft:drop":84,"minecraft:talked_to_villager":1,"minecraft:play_time":319208,"minecraft:sneak_time":19993,"minecraft:walk_under_water_one_cm":42952,"minecraft:jump":4445,"minecraft:walk_on_water_one_cm":60867,"minecraft:enchant_item":2,"minecraft:total_world_time":319208,"minecraft:interact_with_furnace":40,"minecraft:play_record":10,"minecraft:sleep_in_bed":6,"minecraft:time_since_rest":15128,"minecraft:damage_taken":3295,"minecraft:damage_dealt":26572,"minecraft:player_kills":3,"minecraft:swim_one_cm":93431,"minecraft:fly_one_cm":838134,"minecraft:open_chest":125,"minecraft:crouch_one_cm":91418,"minecraft:fall_one_cm":122284,"minecraft:inspect_dispenser":17},"minecraft:killed":{"minecraft:cave_spider":3,"minecraft:spider":3,"minecraft:slime":71,"minecraft:skeleton":25,"minecraft:zombie":76,"camocreepers:camo_creeper":1,"minecraft:breeze":9,"minecraft:player":3},"minecraft:broken":{"minecraft:iron_shovel":1,"minecraft:iron_pickaxe":1,"minecraft:iron_helmet":1},"minecraft:dropped":{"minecraft:iron_ingot":1,"minecraft:iron_sword":3,"simple_backpack:backpack":2,"minecraft:wheat_seeds":12,"minecraft:ominous_bottle":1,"minecraft:cooked_beef":20,"minecraft:oak_fence":6,"minecraft:iron_helmet":1,"minecraft:cobblestone":10,"minecraft:waxed_copper_grate":10,"minecraft:granite":111,"minecraft:copper_ingot":7,"minecraft:ominous_trial_key":1,"minecraft:rail":1,"minecraft:coal":2,"minecraft:dirt":16,"minecraft:waxed_oxidized_chiseled_copper":1,"minecraft:torch":6,"minecraft:waxed_oxidized_copper":4,"handcrafted:oak_pillar_trim":15,"minecraft:iron_leggings":3,"minecraft:oak_stairs":1,"minecraft:iron_axe":2,"minecraft:iron_pickaxe":1,"minecraft:iron_shovel":2,"minecraft:bucket":1,"minecraft:acacia_planks":3,"minecraft:spruce_sapling":3,"minecraft:bone":3,"minecraft:gravel":7,"minecraft:cobbled_deepslate":67,"morediscs:music_disc_left_shift":2,"minecraft:rotten_flesh":65,"minecraft:iron_boots":3,"minecraft:enchanted_golden_apple":1,"minecraft:white_terracotta":108,"minecraft:honey_bottle":2,"minecraft:waxed_copper_block":1,"minecraft:potato":1,"minecraft:shield":1,"minecraft:iron_chestplate":1,"minecraft:lingering_potion":6,"minecraft:waxed_oxidized_cut_copper":1,"minecraft:splash_potion":5,"minecraft:brick":21}},"DataVersion":3953}