{
  "minecraft:recipes/decorations/crafting_table": {
    "criteria": {
      "unlock_right_away": "2024-06-19 21:55:14 +0000"
    },
    "done": true
  },
  "minecraft:adventure/adventuring_time": {
    "criteria": {
      "minecraft:flower_forest": "2024-06-19 21:56:19 +0000",
      "minecraft:beach": "2024-06-19 21:56:30 +0000",
      "minecraft:forest": "2024-06-19 21:57:01 +0000",
      "minecraft:river": "2024-06-19 21:57:02 +0000",
      "minecraft:savanna": "2024-06-19 21:55:16 +0000",
      "minecraft:plains": "2024-06-19 21:56:44 +0000"
    },
    "done": false
  },
  "DataVersion": 3953
}